index,image,op,backend,cuda_variant,threads_used,time_ms,correct,width,height,area
1,input1.ppm,sobel,cuda,0,0,7.734600,1,1582,1358,2148356
1,input1.ppm,sobel,cuda,1,0,8.058000,1,1582,1358,2148356
1,input1.ppm,sobel,cuda,2,0,6.596600,1,1582,1358,2148356
1,input1.ppm,sobel,cuda,3,0,8.682500,1,1582,1358,2148356
1,input1.ppm,sobel,cpu,,1,53.222400,1,1582,1358,2148356
1,input1.ppm,sobel,mt,,20,10.509500,1,1582,1358,2148356
1,input1.ppm,sobel,npp,,1,9.373900,0,1582,1358,2148356
1,input1.ppm,sharpen,cuda,,1,7.582300,1,1582,1358,2148356
1,input1.ppm,sharpen,cpu,,1,103.668100,1,1582,1358,2148356
1,input1.ppm,sharpen,mt,,20,12.136600,1,1582,1358,2148356
1,input1.ppm,sharpen,npp,,1,7.634000,0,1582,1358,2148356
1,input1.ppm,gaussian,cuda,,1,7.937400,1,1582,1358,2148356
1,input1.ppm,gaussian,cpu,,1,91.276000,1,1582,1358,2148356
1,input1.ppm,gaussian,mt,,20,12.908700,1,1582,1358,2148356
1,input1.ppm,gaussian,npp,,1,8.052800,0,1582,1358,2148356
2,input2.ppm,sobel,cuda,0,0,80.040400,1,3546,6060,21488760
2,input2.ppm,sobel,cuda,1,0,81.040200,1,3546,6060,21488760
2,input2.ppm,sobel,cuda,2,0,76.536100,1,3546,6060,21488760
2,input2.ppm,sobel,cuda,3,0,74.243200,1,3546,6060,21488760
2,input2.ppm,sobel,cpu,,1,539.616800,1,3546,6060,21488760
2,input2.ppm,sobel,mt,,20,54.352300,1,3546,6060,21488760
2,input2.ppm,sobel,npp,,1,85.896400,0,3546,6060,21488760
2,input2.ppm,sharpen,cuda,,1,77.074900,1,3546,6060,21488760
2,input2.ppm,sharpen,cpu,,1,1068.034600,1,3546,6060,21488760
2,input2.ppm,sharpen,mt,,20,113.936400,1,3546,6060,21488760
2,input2.ppm,sharpen,npp,,1,71.652500,0,3546,6060,21488760
2,input2.ppm,gaussian,cuda,,1,76.819100,1,3546,6060,21488760
2,input2.ppm,gaussian,cpu,,1,932.745200,1,3546,6060,21488760
2,input2.ppm,gaussian,mt,,20,96.810400,1,3546,6060,21488760
2,input2.ppm,gaussian,npp,,1,70.874900,0,3546,6060,21488760
3,input3.ppm,sobel,cuda,0,0,834.888800,1,10491,20480,214855680
3,input3.ppm,sobel,cuda,1,0,835.649500,1,10491,20480,214855680
3,input3.ppm,sobel,cuda,2,0,760.566400,1,10491,20480,214855680
3,input3.ppm,sobel,cuda,3,0,755.731900,1,10491,20480,214855680
3,input3.ppm,sobel,cpu,,1,5406.694200,1,10491,20480,214855680
3,input3.ppm,sobel,mt,,20,528.337600,1,10491,20480,214855680
3,input3.ppm,sobel,npp,,1,816.110700,0,10491,20480,214855680
3,input3.ppm,sharpen,cuda,,1,740.707000,1,10491,20480,214855680
3,input3.ppm,sharpen,cpu,,1,10417.972100,1,10491,20480,214855680
3,input3.ppm,sharpen,mt,,20,1086.688900,1,10491,20480,214855680
3,input3.ppm,sharpen,npp,,1,699.146900,0,10491,20480,214855680
3,input3.ppm,gaussian,cuda,,1,821.614700,1,10491,20480,214855680
3,input3.ppm,gaussian,cpu,,1,9393.178500,1,10491,20480,214855680
3,input3.ppm,gaussian,mt,,20,964.626800,1,10491,20480,214855680
3,input3.ppm,gaussian,npp,,1,708.623900,0,10491,20480,214855680
4,input4.ppm,sobel,cuda,0,0,760.330200,1,18632,11646,216988272
4,input4.ppm,sobel,cuda,1,0,718.606000,1,18632,11646,216988272
4,input4.ppm,sobel,cuda,2,0,757.681000,1,18632,11646,216988272
4,input4.ppm,sobel,cuda,3,0,734.337900,1,18632,11646,216988272
4,input4.ppm,sobel,cpu,,1,5461.471700,1,18632,11646,216988272
4,input4.ppm,sobel,mt,,20,534.886600,1,18632,11646,216988272
4,input4.ppm,sobel,npp,,1,848.741700,0,18632,11646,216988272
4,input4.ppm,sharpen,cuda,,1,708.071100,1,18632,11646,216988272
4,input4.ppm,sharpen,cpu,,1,10594.402700,1,18632,11646,216988272
4,input4.ppm,sharpen,mt,,20,1089.877300,1,18632,11646,216988272
4,input4.ppm,sharpen,npp,,1,761.724700,0,18632,11646,216988272
4,input4.ppm,gaussian,cuda,,1,785.941200,1,18632,11646,216988272
4,input4.ppm,gaussian,cpu,,1,9288.414000,1,18632,11646,216988272
4,input4.ppm,gaussian,mt,,20,972.669400,1,18632,11646,216988272
4,input4.ppm,gaussian,npp,,1,707.771800,0,18632,11646,216988272
5,input5.ppm,sobel,cuda,0,0,791.127300,1,10797,20298,219157506
5,input5.ppm,sobel,cuda,1,0,753.514000,1,10797,20298,219157506
5,input5.ppm,sobel,cuda,2,0,752.189200,1,10797,20298,219157506
5,input5.ppm,sobel,cuda,3,0,736.579900,1,10797,20298,219157506
5,input5.ppm,sobel,cpu,,1,5469.870200,1,10797,20298,219157506
5,input5.ppm,sobel,mt,,20,544.581900,1,10797,20298,219157506
5,input5.ppm,sobel,npp,,1,838.601000,0,10797,20298,219157506
5,input5.ppm,sharpen,cuda,,1,750.546700,1,10797,20298,219157506
5,input5.ppm,sharpen,cpu,,1,10552.918200,1,10797,20298,219157506
5,input5.ppm,sharpen,mt,,20,1109.809900,1,10797,20298,219157506
5,input5.ppm,sharpen,npp,,1,724.400000,0,10797,20298,219157506
5,input5.ppm,gaussian,cuda,,1,806.578600,1,10797,20298,219157506
5,input5.ppm,gaussian,cpu,,1,9427.921900,1,10797,20298,219157506
5,input5.ppm,gaussian,mt,,20,975.015000,1,10797,20298,219157506
5,input5.ppm,gaussian,npp,,1,710.601400,0,10797,20298,219157506
6,input6.ppm,sobel,cuda,0,0,767.994400,1,20641,10721,221292161
6,input6.ppm,sobel,cuda,1,0,752.231300,1,20641,10721,221292161
6,input6.ppm,sobel,cuda,2,0,770.909700,1,20641,10721,221292161
6,input6.ppm,sobel,cuda,3,0,757.880000,1,20641,10721,221292161
6,input6.ppm,sobel,cpu,,1,5566.512400,1,20641,10721,221292161
6,input6.ppm,sobel,mt,,20,566.545800,1,20641,10721,221292161
6,input6.ppm,sobel,npp,,1,884.878500,0,20641,10721,221292161
6,input6.ppm,sharpen,cuda,,1,745.430000,1,20641,10721,221292161
6,input6.ppm,sharpen,cpu,,1,10720.588100,1,20641,10721,221292161
6,input6.ppm,sharpen,mt,,20,1108.216400,1,20641,10721,221292161
6,input6.ppm,sharpen,npp,,1,734.471600,0,20641,10721,221292161
6,input6.ppm,gaussian,cuda,,1,841.266500,1,20641,10721,221292161
6,input6.ppm,gaussian,cpu,,1,9575.838300,1,20641,10721,221292161
6,input6.ppm,gaussian,mt,,20,1028.159900,1,20641,10721,221292161
6,input6.ppm,gaussian,npp,,1,744.231200,0,20641,10721,221292161
7,input7.ppm,sobel,cuda,0,0,807.748400,1,12741,17538,223451658
7,input7.ppm,sobel,cuda,1,0,750.647300,1,12741,17538,223451658
7,input7.ppm,sobel,cuda,2,0,750.701400,1,12741,17538,223451658
7,input7.ppm,sobel,cuda,3,0,758.803000,1,12741,17538,223451658
7,input7.ppm,sobel,cpu,,1,5594.938000,1,12741,17538,223451658
7,input7.ppm,sobel,mt,,20,569.380300,1,12741,17538,223451658
7,input7.ppm,sobel,npp,,1,881.851900,0,12741,17538,223451658
7,input7.ppm,sharpen,cuda,,1,770.227900,1,12741,17538,223451658
7,input7.ppm,sharpen,cpu,,1,10787.816300,1,12741,17538,223451658
7,input7.ppm,sharpen,mt,,20,1123.885500,1,12741,17538,223451658
7,input7.ppm,sharpen,npp,,1,739.726500,0,12741,17538,223451658
7,input7.ppm,gaussian,cuda,,1,808.646700,1,12741,17538,223451658
7,input7.ppm,gaussian,cpu,,1,9625.394900,1,12741,17538,223451658
7,input7.ppm,gaussian,mt,,20,1005.030700,1,12741,17538,223451658
7,input7.ppm,gaussian,npp,,1,774.265300,0,12741,17538,223451658
8,input8.ppm,sobel,cuda,0,0,808.448500,1,14619,15431,225585789
8,input8.ppm,sobel,cuda,1,0,843.101900,1,14619,15431,225585789
8,input8.ppm,sobel,cuda,2,0,783.567100,1,14619,15431,225585789
8,input8.ppm,sobel,cuda,3,0,784.023500,1,14619,15431,225585789
8,input8.ppm,sobel,cpu,,1,5668.273400,1,14619,15431,225585789
8,input8.ppm,sobel,mt,,20,575.185200,1,14619,15431,225585789
8,input8.ppm,sobel,npp,,1,853.954600,0,14619,15431,225585789
8,input8.ppm,sharpen,cuda,,1,799.190800,1,14619,15431,225585789
8,input8.ppm,sharpen,cpu,,1,10944.288900,1,14619,15431,225585789
8,input8.ppm,sharpen,mt,,20,1125.994300,1,14619,15431,225585789
8,input8.ppm,sharpen,npp,,1,779.931600,0,14619,15431,225585789
8,input8.ppm,gaussian,cuda,,1,816.148600,1,14619,15431,225585789
8,input8.ppm,gaussian,cpu,,1,9692.563700,1,14619,15431,225585789
8,input8.ppm,gaussian,mt,,20,1036.755300,1,14619,15431,225585789
8,input8.ppm,gaussian,npp,,1,747.499600,0,14619,15431,225585789
9,input9.ppm,sobel,cuda,0,0,792.036300,1,15788,14425,227741900
9,input9.ppm,sobel,cuda,1,0,780.204500,1,15788,14425,227741900
9,input9.ppm,sobel,cuda,2,0,795.509300,1,15788,14425,227741900
9,input9.ppm,sobel,cuda,3,0,783.634100,1,15788,14425,227741900
9,input9.ppm,sobel,cpu,,1,5695.669800,1,15788,14425,227741900
9,input9.ppm,sobel,mt,,20,592.921800,1,15788,14425,227741900
9,input9.ppm,sobel,npp,,1,872.069600,0,15788,14425,227741900
9,input9.ppm,sharpen,cuda,,1,794.350300,1,15788,14425,227741900
9,input9.ppm,sharpen,cpu,,1,11011.063400,1,15788,14425,227741900
9,input9.ppm,sharpen,mt,,20,1138.426600,1,15788,14425,227741900
9,input9.ppm,sharpen,npp,,1,774.456700,0,15788,14425,227741900
9,input9.ppm,gaussian,cuda,,1,826.856300,1,15788,14425,227741900
9,input9.ppm,gaussian,cpu,,1,9758.942200,1,15788,14425,227741900
9,input9.ppm,gaussian,mt,,20,1019.720500,1,15788,14425,227741900
9,input9.ppm,gaussian,npp,,1,775.367700,0,15788,14425,227741900
10,input10.ppm,sobel,cuda,0,0,817.907500,1,19308,11906,229881048
10,input10.ppm,sobel,cuda,1,0,798.372600,1,19308,11906,229881048
10,input10.ppm,sobel,cuda,2,0,778.045500,1,19308,11906,229881048
10,input10.ppm,sobel,cuda,3,0,792.959000,1,19308,11906,229881048
10,input10.ppm,sobel,cpu,,1,5813.989400,1,19308,11906,229881048
10,input10.ppm,sobel,mt,,20,582.831000,1,19308,11906,229881048
10,input10.ppm,sobel,npp,,1,880.766900,0,19308,11906,229881048
10,input10.ppm,sharpen,cuda,,1,792.032700,1,19308,11906,229881048
10,input10.ppm,sharpen,cpu,,1,11085.682400,1,19308,11906,229881048
10,input10.ppm,sharpen,mt,,20,1146.298700,1,19308,11906,229881048
10,input10.ppm,sharpen,npp,,1,767.794300,0,19308,11906,229881048
10,input10.ppm,gaussian,cuda,,1,833.300200,1,19308,11906,229881048
10,input10.ppm,gaussian,cpu,,1,9901.607800,1,19308,11906,229881048
10,input10.ppm,gaussian,mt,,20,1022.771100,1,19308,11906,229881048
10,input10.ppm,gaussian,npp,,1,770.687000,0,19308,11906,229881048
11,input11.ppm,sobel,cuda,0,0,879.124300,1,14704,15780,232029120
11,input11.ppm,sobel,cuda,1,0,826.235100,1,14704,15780,232029120
11,input11.ppm,sobel,cuda,2,0,798.866000,1,14704,15780,232029120
11,input11.ppm,sobel,cuda,3,0,868.146600,1,14704,15780,232029120
11,input11.ppm,sobel,cpu,,1,5851.310900,1,14704,15780,232029120
11,input11.ppm,sobel,mt,,20,569.531200,1,14704,15780,232029120
11,input11.ppm,sobel,npp,,1,904.696900,0,14704,15780,232029120
11,input11.ppm,sharpen,cuda,,1,794.474300,1,14704,15780,232029120
11,input11.ppm,sharpen,cpu,,1,11251.270100,1,14704,15780,232029120
11,input11.ppm,sharpen,mt,,20,1205.855800,1,14704,15780,232029120
11,input11.ppm,sharpen,npp,,1,779.759700,0,14704,15780,232029120
11,input11.ppm,gaussian,cuda,,1,886.540600,1,14704,15780,232029120
11,input11.ppm,gaussian,cpu,,1,9964.515500,1,14704,15780,232029120
11,input11.ppm,gaussian,mt,,20,1025.931900,1,14704,15780,232029120
11,input11.ppm,gaussian,npp,,1,798.896500,0,14704,15780,232029120
12,input12.ppm,sobel,cuda,0,0,818.383200,1,19549,11979,234177471
12,input12.ppm,sobel,cuda,1,0,827.639000,1,19549,11979,234177471
12,input12.ppm,sobel,cuda,2,0,801.263100,1,19549,11979,234177471
12,input12.ppm,sobel,cuda,3,0,818.576300,1,19549,11979,234177471
12,input12.ppm,sobel,cpu,,1,5922.880500,1,19549,11979,234177471
12,input12.ppm,sobel,mt,,20,587.842100,1,19549,11979,234177471
12,input12.ppm,sobel,npp,,1,911.906200,0,19549,11979,234177471
12,input12.ppm,sharpen,cuda,,1,821.729100,1,19549,11979,234177471
12,input12.ppm,sharpen,cpu,,1,11305.542800,1,19549,11979,234177471
12,input12.ppm,sharpen,mt,,20,1166.140700,1,19549,11979,234177471
12,input12.ppm,sharpen,npp,,1,791.568500,0,19549,11979,234177471
12,input12.ppm,gaussian,cuda,,1,868.082600,1,19549,11979,234177471
12,input12.ppm,gaussian,cpu,,1,9973.388500,1,19549,11979,234177471
12,input12.ppm,gaussian,mt,,20,1034.226500,1,19549,11979,234177471
12,input12.ppm,gaussian,npp,,1,762.339300,0,19549,11979,234177471
13,input13.ppm,sobel,cuda,0,0,81.120000,1,6597,3583,23637051
13,input13.ppm,sobel,cuda,1,0,81.612500,1,6597,3583,23637051
13,input13.ppm,sobel,cuda,2,0,82.016900,1,6597,3583,23637051
13,input13.ppm,sobel,cuda,3,0,81.701000,1,6597,3583,23637051
13,input13.ppm,sobel,cpu,,1,593.110200,1,6597,3583,23637051
13,input13.ppm,sobel,mt,,20,68.576000,1,6597,3583,23637051
13,input13.ppm,sobel,npp,,1,91.021800,0,6597,3583,23637051
13,input13.ppm,sharpen,cuda,,1,78.425800,1,6597,3583,23637051
13,input13.ppm,sharpen,cpu,,1,1162.264400,1,6597,3583,23637051
13,input13.ppm,sharpen,mt,,20,129.916400,1,6597,3583,23637051
13,input13.ppm,sharpen,npp,,1,77.372900,0,6597,3583,23637051
13,input13.ppm,gaussian,cuda,,1,85.118200,1,6597,3583,23637051
13,input13.ppm,gaussian,cpu,,1,1018.503300,1,6597,3583,23637051
13,input13.ppm,gaussian,mt,,20,113.505400,1,6597,3583,23637051
13,input13.ppm,gaussian,npp,,1,77.151800,0,6597,3583,23637051
14,input14.ppm,sobel,cuda,0,0,828.809100,1,12870,18363,236331810
14,input14.ppm,sobel,cuda,1,0,809.807600,1,12870,18363,236331810
14,input14.ppm,sobel,cuda,2,0,804.752400,1,12870,18363,236331810
14,input14.ppm,sobel,cuda,3,0,863.768200,1,12870,18363,236331810
14,input14.ppm,sobel,cpu,,1,5970.246300,1,12870,18363,236331810
14,input14.ppm,sobel,mt,,20,586.304300,1,12870,18363,236331810
14,input14.ppm,sobel,npp,,1,911.811900,0,12870,18363,236331810
14,input14.ppm,sharpen,cuda,,1,823.226500,1,12870,18363,236331810
14,input14.ppm,sharpen,cpu,,1,11430.562300,1,12870,18363,236331810
14,input14.ppm,sharpen,mt,,20,1190.568400,1,12870,18363,236331810
14,input14.ppm,sharpen,npp,,1,818.025500,0,12870,18363,236331810
14,input14.ppm,gaussian,cuda,,1,890.986300,1,12870,18363,236331810
14,input14.ppm,gaussian,cpu,,1,10162.492500,1,12870,18363,236331810
14,input14.ppm,gaussian,mt,,20,1066.491800,1,12870,18363,236331810
14,input14.ppm,gaussian,npp,,1,773.440000,0,12870,18363,236331810
15,input15.ppm,sobel,cuda,0,0,825.664900,1,20425,11676,238482300
15,input15.ppm,sobel,cuda,1,0,820.979000,1,20425,11676,238482300
15,input15.ppm,sobel,cuda,2,0,792.407000,1,20425,11676,238482300
15,input15.ppm,sobel,cuda,3,0,820.054900,1,20425,11676,238482300
15,input15.ppm,sobel,cpu,,1,5953.894800,1,20425,11676,238482300
15,input15.ppm,sobel,mt,,20,609.899400,1,20425,11676,238482300
15,input15.ppm,sobel,npp,,1,942.395600,0,20425,11676,238482300
15,input15.ppm,sharpen,cuda,,1,814.487000,1,20425,11676,238482300
15,input15.ppm,sharpen,cpu,,1,11516.514300,1,20425,11676,238482300
15,input15.ppm,sharpen,mt,,20,1195.707100,1,20425,11676,238482300
15,input15.ppm,sharpen,npp,,1,796.292100,0,20425,11676,238482300
15,input15.ppm,gaussian,cuda,,1,867.208800,1,20425,11676,238482300
15,input15.ppm,gaussian,cpu,,1,10275.860300,1,20425,11676,238482300
15,input15.ppm,gaussian,mt,,20,1072.076000,1,20425,11676,238482300
15,input15.ppm,gaussian,npp,,1,809.058800,0,20425,11676,238482300
16,input16.ppm,sobel,cuda,0,0,861.524300,1,17101,14072,240645272
16,input16.ppm,sobel,cuda,1,0,844.608800,1,17101,14072,240645272
16,input16.ppm,sobel,cuda,2,0,863.737600,1,17101,14072,240645272
16,input16.ppm,sobel,cuda,3,0,901.598000,1,17101,14072,240645272
16,input16.ppm,sobel,cpu,,1,6059.516400,1,17101,14072,240645272
16,input16.ppm,sobel,mt,,20,875.428000,1,17101,14072,240645272
16,input16.ppm,sobel,npp,,1,931.319400,0,17101,14072,240645272
16,input16.ppm,sharpen,cuda,,1,806.124400,1,17101,14072,240645272
16,input16.ppm,sharpen,cpu,,1,11618.366600,1,17101,14072,240645272
16,input16.ppm,sharpen,mt,,20,1205.565900,1,17101,14072,240645272
16,input16.ppm,sharpen,npp,,1,858.173800,0,17101,14072,240645272
16,input16.ppm,gaussian,cuda,,1,929.652000,1,17101,14072,240645272
16,input16.ppm,gaussian,cpu,,1,10378.641300,1,17101,14072,240645272
16,input16.ppm,gaussian,mt,,20,1072.082700,1,17101,14072,240645272
16,input16.ppm,gaussian,npp,,1,783.410900,0,17101,14072,240645272
17,input17.ppm,sobel,cuda,0,0,864.859400,1,20280,11971,242771880
17,input17.ppm,sobel,cuda,1,0,848.107100,1,20280,11971,242771880
17,input17.ppm,sobel,cuda,2,0,840.836300,1,20280,11971,242771880
17,input17.ppm,sobel,cuda,3,0,867.150300,1,20280,11971,242771880
17,input17.ppm,sobel,cpu,,1,6120.507200,1,20280,11971,242771880
17,input17.ppm,sobel,mt,,20,602.805900,1,20280,11971,242771880
17,input17.ppm,sobel,npp,,1,946.187600,0,20280,11971,242771880
17,input17.ppm,sharpen,cuda,,1,842.232000,1,20280,11971,242771880
17,input17.ppm,sharpen,cpu,,1,11714.105500,1,20280,11971,242771880
17,input17.ppm,sharpen,mt,,20,1234.028500,1,20280,11971,242771880
17,input17.ppm,sharpen,npp,,1,816.317600,0,20280,11971,242771880
17,input17.ppm,gaussian,cuda,,1,888.106800,1,20280,11971,242771880
17,input17.ppm,gaussian,cpu,,1,10375.745100,1,20280,11971,242771880
17,input17.ppm,gaussian,mt,,20,1075.267700,1,20280,11971,242771880
17,input17.ppm,gaussian,npp,,1,807.202100,0,20280,11971,242771880
18,input18.ppm,sobel,cuda,0,0,863.958200,1,19956,12274,244939944
18,input18.ppm,sobel,cuda,1,0,851.472100,1,19956,12274,244939944
18,input18.ppm,sobel,cuda,2,0,836.382100,1,19956,12274,244939944
18,input18.ppm,sobel,cuda,3,0,856.594600,1,19956,12274,244939944
18,input18.ppm,sobel,cpu,,1,6149.537500,1,19956,12274,244939944
18,input18.ppm,sobel,mt,,20,607.859100,1,19956,12274,244939944
18,input18.ppm,sobel,npp,,1,949.441500,0,19956,12274,244939944
18,input18.ppm,sharpen,cuda,,1,840.785100,1,19956,12274,244939944
18,input18.ppm,sharpen,cpu,,1,11866.180700,1,19956,12274,244939944
18,input18.ppm,sharpen,mt,,20,1223.063700,1,19956,12274,244939944
18,input18.ppm,sharpen,npp,,1,835.499400,0,19956,12274,244939944
18,input18.ppm,gaussian,cuda,,1,905.668200,1,19956,12274,244939944
18,input18.ppm,gaussian,cpu,,1,10480.543200,1,19956,12274,244939944
18,input18.ppm,gaussian,mt,,20,1163.632800,1,19956,12274,244939944
18,input18.ppm,gaussian,npp,,1,810.149000,0,19956,12274,244939944
19,input19.ppm,sobel,cuda,0,0,870.124200,1,21231,11637,247065147
19,input19.ppm,sobel,cuda,1,0,858.637400,1,21231,11637,247065147
19,input19.ppm,sobel,cuda,2,0,842.768400,1,21231,11637,247065147
19,input19.ppm,sobel,cuda,3,0,858.591700,1,21231,11637,247065147
19,input19.ppm,sobel,cpu,,1,6201.868400,1,21231,11637,247065147
19,input19.ppm,sobel,mt,,20,618.877500,1,21231,11637,247065147
19,input19.ppm,sobel,npp,,1,968.020600,0,21231,11637,247065147
19,input19.ppm,sharpen,cuda,,1,850.739200,1,21231,11637,247065147
19,input19.ppm,sharpen,cpu,,1,11916.407800,1,21231,11637,247065147
19,input19.ppm,sharpen,mt,,20,1230.758300,1,21231,11637,247065147
19,input19.ppm,sharpen,npp,,1,808.110200,0,21231,11637,247065147
19,input19.ppm,gaussian,cuda,,1,899.663900,1,21231,11637,247065147
19,input19.ppm,gaussian,cpu,,1,10652.090500,1,21231,11637,247065147
19,input19.ppm,gaussian,mt,,20,1094.214000,1,21231,11637,247065147
19,input19.ppm,gaussian,npp,,1,856.715600,0,21231,11637,247065147
20,input20.ppm,sobel,cuda,0,0,881.355300,1,22313,11170,249236210
20,input20.ppm,sobel,cuda,1,0,908.645700,1,22313,11170,249236210
20,input20.ppm,sobel,cuda,2,0,881.165100,1,22313,11170,249236210
20,input20.ppm,sobel,cuda,3,0,883.496000,1,22313,11170,249236210
20,input20.ppm,sobel,cpu,,1,6255.493300,1,22313,11170,249236210
20,input20.ppm,sobel,mt,,20,620.545400,1,22313,11170,249236210
20,input20.ppm,sobel,npp,,1,973.213000,0,22313,11170,249236210
20,input20.ppm,sharpen,cuda,,1,891.613300,1,22313,11170,249236210
20,input20.ppm,sharpen,cpu,,1,12083.892300,1,22313,11170,249236210
20,input20.ppm,sharpen,mt,,20,1247.447100,1,22313,11170,249236210
20,input20.ppm,sharpen,npp,,1,874.442500,0,22313,11170,249236210
20,input20.ppm,gaussian,cuda,,1,961.284500,1,22313,11170,249236210
20,input20.ppm,gaussian,cpu,,1,10679.897000,1,22313,11170,249236210
20,input20.ppm,gaussian,mt,,20,1099.398800,1,22313,11170,249236210
20,input20.ppm,gaussian,npp,,1,844.431600,0,22313,11170,249236210
21,input21.ppm,sobel,cuda,0,0,885.193300,1,16461,15271,251375931
21,input21.ppm,sobel,cuda,1,0,861.707800,1,16461,15271,251375931
21,input21.ppm,sobel,cuda,2,0,877.212200,1,16461,15271,251375931
21,input21.ppm,sobel,cuda,3,0,904.695600,1,16461,15271,251375931
21,input21.ppm,sobel,cpu,,1,6337.712500,1,16461,15271,251375931
21,input21.ppm,sobel,mt,,20,628.487700,1,16461,15271,251375931
21,input21.ppm,sobel,npp,,1,990.670400,0,16461,15271,251375931
21,input21.ppm,sharpen,cuda,,1,895.988100,1,16461,15271,251375931
21,input21.ppm,sharpen,cpu,,1,12134.170500,1,16461,15271,251375931
21,input21.ppm,sharpen,mt,,20,1260.649300,1,16461,15271,251375931
21,input21.ppm,sharpen,npp,,1,867.997500,0,16461,15271,251375931
21,input21.ppm,gaussian,cuda,,1,953.782500,1,16461,15271,251375931
21,input21.ppm,gaussian,cpu,,1,10794.470100,1,16461,15271,251375931
21,input21.ppm,gaussian,mt,,20,1309.592800,1,16461,15271,251375931
21,input21.ppm,gaussian,npp,,1,855.806700,0,16461,15271,251375931
22,input22.ppm,sobel,cuda,0,0,881.777400,1,12213,20759,253529667
22,input22.ppm,sobel,cuda,1,0,893.162800,1,12213,20759,253529667
22,input22.ppm,sobel,cuda,2,0,886.036600,1,12213,20759,253529667
22,input22.ppm,sobel,cuda,3,0,879.639300,1,12213,20759,253529667
22,input22.ppm,sobel,cpu,,1,6425.697200,1,12213,20759,253529667
22,input22.ppm,sobel,mt,,20,629.832400,1,12213,20759,253529667
22,input22.ppm,sobel,npp,,1,1015.698600,0,12213,20759,253529667
22,input22.ppm,sharpen,cuda,,1,886.603900,1,12213,20759,253529667
22,input22.ppm,sharpen,cpu,,1,12228.426400,1,12213,20759,253529667
22,input22.ppm,sharpen,mt,,20,1275.075500,1,12213,20759,253529667
22,input22.ppm,sharpen,npp,,1,871.685300,0,12213,20759,253529667
22,input22.ppm,gaussian,cuda,,1,929.043700,1,12213,20759,253529667
22,input22.ppm,gaussian,cpu,,1,10887.159900,1,12213,20759,253529667
22,input22.ppm,gaussian,mt,,20,1120.010000,1,12213,20759,253529667
22,input22.ppm,gaussian,npp,,1,863.688000,0,12213,20759,253529667
23,input23.ppm,sobel,cuda,0,0,906.969200,1,20471,12489,255662319
23,input23.ppm,sobel,cuda,1,0,895.682100,1,20471,12489,255662319
23,input23.ppm,sobel,cuda,2,0,903.426300,1,20471,12489,255662319
23,input23.ppm,sobel,cuda,3,0,866.822500,1,20471,12489,255662319
23,input23.ppm,sobel,cpu,,1,6485.527000,1,20471,12489,255662319
23,input23.ppm,sobel,mt,,20,627.096800,1,20471,12489,255662319
23,input23.ppm,sobel,npp,,1,976.855600,0,20471,12489,255662319
23,input23.ppm,sharpen,cuda,,1,891.049700,1,20471,12489,255662319
23,input23.ppm,sharpen,cpu,,1,12295.415600,1,20471,12489,255662319
23,input23.ppm,sharpen,mt,,20,1301.404200,1,20471,12489,255662319
23,input23.ppm,sharpen,npp,,1,901.563300,0,20471,12489,255662319
23,input23.ppm,gaussian,cuda,,1,984.497500,1,20471,12489,255662319
23,input23.ppm,gaussian,cpu,,1,11059.305000,1,20471,12489,255662319
23,input23.ppm,gaussian,mt,,20,1123.779600,1,20471,12489,255662319
23,input23.ppm,gaussian,npp,,1,893.258300,0,20471,12489,255662319
24,input24.ppm,sobel,cuda,0,0,89.442400,1,6191,4164,25779324
24,input24.ppm,sobel,cuda,1,0,100.026100,1,6191,4164,25779324
24,input24.ppm,sobel,cuda,2,0,92.688200,1,6191,4164,25779324
24,input24.ppm,sobel,cuda,3,0,89.081500,1,6191,4164,25779324
24,input24.ppm,sobel,cpu,,1,654.873500,1,6191,4164,25779324
24,input24.ppm,sobel,mt,,20,75.590400,1,6191,4164,25779324
24,input24.ppm,sobel,npp,,1,99.090700,0,6191,4164,25779324
24,input24.ppm,sharpen,cuda,,1,88.183800,1,6191,4164,25779324
24,input24.ppm,sharpen,cpu,,1,1252.637400,1,6191,4164,25779324
24,input24.ppm,sharpen,mt,,20,146.590200,1,6191,4164,25779324
24,input24.ppm,sharpen,npp,,1,85.991900,0,6191,4164,25779324
24,input24.ppm,gaussian,cuda,,1,91.588000,1,6191,4164,25779324
24,input24.ppm,gaussian,cpu,,1,1104.565700,1,6191,4164,25779324
24,input24.ppm,gaussian,mt,,20,124.138100,1,6191,4164,25779324
24,input24.ppm,gaussian,npp,,1,85.403000,0,6191,4164,25779324
25,input25.ppm,sobel,cuda,0,0,879.038100,1,14724,17510,257817240
25,input25.ppm,sobel,cuda,1,0,917.034100,1,14724,17510,257817240
25,input25.ppm,sobel,cuda,2,0,875.898300,1,14724,17510,257817240
25,input25.ppm,sobel,cuda,3,0,907.976600,1,14724,17510,257817240
25,input25.ppm,sobel,cpu,,1,6494.015600,1,14724,17510,257817240
25,input25.ppm,sobel,mt,,20,639.877800,1,14724,17510,257817240
25,input25.ppm,sobel,npp,,1,1042.515100,0,14724,17510,257817240
25,input25.ppm,sharpen,cuda,,1,923.764100,1,14724,17510,257817240
25,input25.ppm,sharpen,cpu,,1,12404.706700,1,14724,17510,257817240
25,input25.ppm,sharpen,mt,,20,1290.494100,1,14724,17510,257817240
25,input25.ppm,sharpen,npp,,1,871.571700,0,14724,17510,257817240
25,input25.ppm,gaussian,cuda,,1,973.164600,1,14724,17510,257817240
25,input25.ppm,gaussian,cpu,,1,11059.718100,1,14724,17510,257817240
25,input25.ppm,gaussian,mt,,20,1135.068200,1,14724,17510,257817240
25,input25.ppm,gaussian,npp,,1,889.031600,0,14724,17510,257817240
26,input26.ppm,sobel,cuda,0,0,944.107700,1,14547,17871,259969437
26,input26.ppm,sobel,cuda,1,0,907.219700,1,14547,17871,259969437
26,input26.ppm,sobel,cuda,2,0,904.970200,1,14547,17871,259969437
26,input26.ppm,sobel,cuda,3,0,915.161800,1,14547,17871,259969437
26,input26.ppm,sobel,cpu,,1,6516.144800,1,14547,17871,259969437
26,input26.ppm,sobel,mt,,20,647.621400,1,14547,17871,259969437
26,input26.ppm,sobel,npp,,1,995.420200,0,14547,17871,259969437
26,input26.ppm,sharpen,cuda,,1,861.940300,1,14547,17871,259969437
26,input26.ppm,sharpen,cpu,,1,12546.047600,1,14547,17871,259969437
26,input26.ppm,sharpen,mt,,20,1310.386800,1,14547,17871,259969437
26,input26.ppm,sharpen,npp,,1,905.481700,0,14547,17871,259969437
26,input26.ppm,gaussian,cuda,,1,1001.138200,1,14547,17871,259969437
26,input26.ppm,gaussian,cpu,,1,11156.801300,1,14547,17871,259969437
26,input26.ppm,gaussian,mt,,20,1153.515700,1,14547,17871,259969437
26,input26.ppm,gaussian,npp,,1,891.067400,0,14547,17871,259969437
27,input27.ppm,sobel,cuda,0,0,890.848500,1,20159,13003,262127477
27,input27.ppm,sobel,cuda,1,0,917.879900,1,20159,13003,262127477
27,input27.ppm,sobel,cuda,2,0,899.062700,1,20159,13003,262127477
27,input27.ppm,sobel,cuda,3,0,946.687200,1,20159,13003,262127477
27,input27.ppm,sobel,cpu,,1,6597.257000,1,20159,13003,262127477
27,input27.ppm,sobel,mt,,20,646.985400,1,20159,13003,262127477
27,input27.ppm,sobel,npp,,1,1045.794200,0,20159,13003,262127477
27,input27.ppm,sharpen,cuda,,1,903.541500,1,20159,13003,262127477
27,input27.ppm,sharpen,cpu,,1,12624.392100,1,20159,13003,262127477
27,input27.ppm,sharpen,mt,,20,1502.255700,1,20159,13003,262127477
27,input27.ppm,sharpen,npp,,1,888.784600,0,20159,13003,262127477
27,input27.ppm,gaussian,cuda,,1,951.521000,1,20159,13003,262127477
27,input27.ppm,gaussian,cpu,,1,11195.745000,1,20159,13003,262127477
27,input27.ppm,gaussian,mt,,20,1183.700300,1,20159,13003,262127477
27,input27.ppm,gaussian,npp,,1,875.269600,0,20159,13003,262127477
28,input28.ppm,sobel,cuda,0,0,978.074400,1,18604,14204,264251216
28,input28.ppm,sobel,cuda,1,0,908.096400,1,18604,14204,264251216
28,input28.ppm,sobel,cuda,2,0,913.746400,1,18604,14204,264251216
28,input28.ppm,sobel,cuda,3,0,931.562900,1,18604,14204,264251216
28,input28.ppm,sobel,cpu,,1,6603.574400,1,18604,14204,264251216
28,input28.ppm,sobel,mt,,20,651.573200,1,18604,14204,264251216
28,input28.ppm,sobel,npp,,1,1035.318300,0,18604,14204,264251216
28,input28.ppm,sharpen,cuda,,1,928.678900,1,18604,14204,264251216
28,input28.ppm,sharpen,cpu,,1,12792.666400,1,18604,14204,264251216
28,input28.ppm,sharpen,mt,,20,1325.875000,1,18604,14204,264251216
28,input28.ppm,sharpen,npp,,1,914.577300,0,18604,14204,264251216
28,input28.ppm,gaussian,cuda,,1,973.612700,1,18604,14204,264251216
28,input28.ppm,gaussian,cpu,,1,11323.212400,1,18604,14204,264251216
28,input28.ppm,gaussian,mt,,20,1177.987600,1,18604,14204,264251216
28,input28.ppm,gaussian,npp,,1,892.713400,0,18604,14204,264251216
29,input29.ppm,sobel,cuda,0,0,955.782400,1,21226,12551,266407526
29,input29.ppm,sobel,cuda,1,0,968.219900,1,21226,12551,266407526
29,input29.ppm,sobel,cuda,2,0,986.389400,1,21226,12551,266407526
29,input29.ppm,sobel,cuda,3,0,936.911900,1,21226,12551,266407526
29,input29.ppm,sobel,cpu,,1,6674.360600,1,21226,12551,266407526
29,input29.ppm,sobel,mt,,20,658.337400,1,21226,12551,266407526
29,input29.ppm,sobel,npp,,1,1036.058800,0,21226,12551,266407526
29,input29.ppm,sharpen,cuda,,1,934.694400,1,21226,12551,266407526
29,input29.ppm,sharpen,cpu,,1,12838.698200,1,21226,12551,266407526
29,input29.ppm,sharpen,mt,,20,1400.901800,1,21226,12551,266407526
29,input29.ppm,sharpen,npp,,1,911.967400,0,21226,12551,266407526
29,input29.ppm,gaussian,cuda,,1,994.342600,1,21226,12551,266407526
29,input29.ppm,gaussian,cpu,,1,11424.904200,1,21226,12551,266407526
29,input29.ppm,gaussian,mt,,20,1183.288800,1,21226,12551,266407526
29,input29.ppm,gaussian,npp,,1,919.736500,0,21226,12551,266407526
30,input30.ppm,sobel,cuda,0,0,913.253800,1,17892,15010,268558920
30,input30.ppm,sobel,cuda,1,0,930.608600,1,17892,15010,268558920
30,input30.ppm,sobel,cuda,2,0,927.101300,1,17892,15010,268558920
30,input30.ppm,sobel,cuda,3,0,938.991800,1,17892,15010,268558920
30,input30.ppm,sobel,cpu,,1,6750.351300,1,17892,15010,268558920
30,input30.ppm,sobel,mt,,20,670.500800,1,17892,15010,268558920
30,input30.ppm,sobel,npp,,1,1039.654500,0,17892,15010,268558920
30,input30.ppm,sharpen,cuda,,1,920.586400,1,17892,15010,268558920
30,input30.ppm,sharpen,cpu,,1,13022.355700,1,17892,15010,268558920
30,input30.ppm,sharpen,mt,,20,1347.647100,1,17892,15010,268558920
30,input30.ppm,sharpen,npp,,1,892.485600,0,17892,15010,268558920
30,input30.ppm,gaussian,cuda,,1,1093.686400,1,17892,15010,268558920
30,input30.ppm,gaussian,cpu,,1,11701.099800,1,17892,15010,268558920
30,input30.ppm,gaussian,mt,,20,1596.153600,1,17892,15010,268558920
30,input30.ppm,gaussian,npp,,1,919.404000,0,17892,15010,268558920
31,input31.ppm,sobel,cuda,0,0,966.015200,1,22243,12171,270719553
31,input31.ppm,sobel,cuda,1,0,921.200300,1,22243,12171,270719553
31,input31.ppm,sobel,cuda,2,0,978.442600,1,22243,12171,270719553
31,input31.ppm,sobel,cuda,3,0,927.587800,1,22243,12171,270719553
31,input31.ppm,sobel,cpu,,1,6791.350900,1,22243,12171,270719553
31,input31.ppm,sobel,mt,,20,672.220300,1,22243,12171,270719553
31,input31.ppm,sobel,npp,,1,1095.614200,0,22243,12171,270719553
31,input31.ppm,sharpen,cuda,,1,900.848100,1,22243,12171,270719553
31,input31.ppm,sharpen,cpu,,1,13157.980600,1,22243,12171,270719553
31,input31.ppm,sharpen,mt,,20,1348.216300,1,22243,12171,270719553
31,input31.ppm,sharpen,npp,,1,886.918300,0,22243,12171,270719553
31,input31.ppm,gaussian,cuda,,1,953.733600,1,22243,12171,270719553
31,input31.ppm,gaussian,cpu,,1,11698.186500,1,22243,12171,270719553
31,input31.ppm,gaussian,mt,,20,1201.309300,1,22243,12171,270719553
31,input31.ppm,gaussian,npp,,1,894.364400,0,22243,12171,270719553
32,input32.ppm,sobel,cuda,0,0,956.427600,1,16880,16164,272848320
32,input32.ppm,sobel,cuda,1,0,940.082700,1,16880,16164,272848320
32,input32.ppm,sobel,cuda,2,0,929.039800,1,16880,16164,272848320
32,input32.ppm,sobel,cuda,3,0,950.808400,1,16880,16164,272848320
32,input32.ppm,sobel,cpu,,1,6809.829500,1,16880,16164,272848320
32,input32.ppm,sobel,mt,,20,669.092500,1,16880,16164,272848320
32,input32.ppm,sobel,npp,,1,1082.470800,0,16880,16164,272848320
32,input32.ppm,sharpen,cuda,,1,910.449700,1,16880,16164,272848320
32,input32.ppm,sharpen,cpu,,1,13312.110700,1,16880,16164,272848320
32,input32.ppm,sharpen,mt,,20,1357.099100,1,16880,16164,272848320
32,input32.ppm,sharpen,npp,,1,927.246500,0,16880,16164,272848320
32,input32.ppm,gaussian,cuda,,1,994.062100,1,16880,16164,272848320
32,input32.ppm,gaussian,cpu,,1,11721.218200,1,16880,16164,272848320
32,input32.ppm,gaussian,mt,,20,1216.769800,1,16880,16164,272848320
32,input32.ppm,gaussian,npp,,1,897.032400,0,16880,16164,272848320
33,input33.ppm,sobel,cuda,0,0,962.752200,1,17117,16067,275018839
33,input33.ppm,sobel,cuda,1,0,964.213400,1,17117,16067,275018839
33,input33.ppm,sobel,cuda,2,0,955.727600,1,17117,16067,275018839
33,input33.ppm,sobel,cuda,3,0,953.909300,1,17117,16067,275018839
33,input33.ppm,sobel,cpu,,1,6965.296300,1,17117,16067,275018839
33,input33.ppm,sobel,mt,,20,678.155600,1,17117,16067,275018839
33,input33.ppm,sobel,npp,,1,1048.506800,0,17117,16067,275018839
33,input33.ppm,sharpen,cuda,,1,919.874500,1,17117,16067,275018839
33,input33.ppm,sharpen,cpu,,1,13294.096300,1,17117,16067,275018839
33,input33.ppm,sharpen,mt,,20,1367.338100,1,17117,16067,275018839
33,input33.ppm,sharpen,npp,,1,924.756200,0,17117,16067,275018839
33,input33.ppm,gaussian,cuda,,1,984.622700,1,17117,16067,275018839
33,input33.ppm,gaussian,cpu,,1,11868.725700,1,17117,16067,275018839
33,input33.ppm,gaussian,mt,,20,1221.651200,1,17117,16067,275018839
33,input33.ppm,gaussian,npp,,1,898.501600,0,17117,16067,275018839
34,input34.ppm,sobel,cuda,0,0,947.191700,1,14824,18697,277164328
34,input34.ppm,sobel,cuda,1,0,959.302700,1,14824,18697,277164328
34,input34.ppm,sobel,cuda,2,0,1010.676700,1,14824,18697,277164328
34,input34.ppm,sobel,cuda,3,0,941.968900,1,14824,18697,277164328
34,input34.ppm,sobel,cpu,,1,6957.586500,1,14824,18697,277164328
34,input34.ppm,sobel,mt,,20,685.972100,1,14824,18697,277164328
34,input34.ppm,sobel,npp,,1,1088.736800,0,14824,18697,277164328
34,input34.ppm,sharpen,cuda,,1,978.136400,1,14824,18697,277164328
34,input34.ppm,sharpen,cpu,,1,13498.026900,1,14824,18697,277164328
34,input34.ppm,sharpen,mt,,20,1377.228100,1,14824,18697,277164328
34,input34.ppm,sharpen,npp,,1,942.021000,0,14824,18697,277164328
34,input34.ppm,gaussian,cuda,,1,980.315000,1,14824,18697,277164328
34,input34.ppm,gaussian,cpu,,1,11973.259300,1,14824,18697,277164328
34,input34.ppm,gaussian,mt,,20,1235.115600,1,14824,18697,277164328
34,input34.ppm,gaussian,npp,,1,908.882600,0,14824,18697,277164328
35,input35.ppm,sobel,cuda,0,0,99.135500,1,5251,5320,27935320
35,input35.ppm,sobel,cuda,1,0,95.740400,1,5251,5320,27935320
35,input35.ppm,sobel,cuda,2,0,94.773200,1,5251,5320,27935320
35,input35.ppm,sobel,cuda,3,0,98.133300,1,5251,5320,27935320
35,input35.ppm,sobel,cpu,,1,710.307400,1,5251,5320,27935320
35,input35.ppm,sobel,mt,,20,77.505800,1,5251,5320,27935320
35,input35.ppm,sobel,npp,,1,111.609100,0,5251,5320,27935320
35,input35.ppm,sharpen,cuda,,1,92.135800,1,5251,5320,27935320
35,input35.ppm,sharpen,cpu,,1,1365.759700,1,5251,5320,27935320
35,input35.ppm,sharpen,mt,,20,145.704700,1,5251,5320,27935320
35,input35.ppm,sharpen,npp,,1,91.539400,0,5251,5320,27935320
35,input35.ppm,gaussian,cuda,,1,98.299800,1,5251,5320,27935320
35,input35.ppm,gaussian,cpu,,1,1209.304100,1,5251,5320,27935320
35,input35.ppm,gaussian,mt,,20,129.837900,1,5251,5320,27935320
35,input35.ppm,gaussian,npp,,1,95.520500,0,5251,5320,27935320
36,input36.ppm,sobel,cuda,0,0,950.906600,1,18228,15323,279307644
36,input36.ppm,sobel,cuda,1,0,939.709600,1,18228,15323,279307644
36,input36.ppm,sobel,cuda,2,0,939.591300,1,18228,15323,279307644
36,input36.ppm,sobel,cuda,3,0,964.743100,1,18228,15323,279307644
36,input36.ppm,sobel,cpu,,1,7022.554200,1,18228,15323,279307644
36,input36.ppm,sobel,mt,,20,725.066200,1,18228,15323,279307644
36,input36.ppm,sobel,npp,,1,1122.921100,0,18228,15323,279307644
36,input36.ppm,sharpen,cuda,,1,969.608100,1,18228,15323,279307644
36,input36.ppm,sharpen,cpu,,1,13592.260700,1,18228,15323,279307644
36,input36.ppm,sharpen,mt,,20,1391.913400,1,18228,15323,279307644
36,input36.ppm,sharpen,npp,,1,949.272800,0,18228,15323,279307644
36,input36.ppm,gaussian,cuda,,1,1023.526000,1,18228,15323,279307644
36,input36.ppm,gaussian,cpu,,1,12135.728500,1,18228,15323,279307644
36,input36.ppm,gaussian,mt,,20,1242.989000,1,18228,15323,279307644
36,input36.ppm,gaussian,npp,,1,957.983400,0,18228,15323,279307644
37,input37.ppm,sobel,cuda,0,0,1024.888600,1,21749,12941,281453809
37,input37.ppm,sobel,cuda,1,0,1020.145000,1,21749,12941,281453809
37,input37.ppm,sobel,cuda,2,0,996.767700,1,21749,12941,281453809
37,input37.ppm,sobel,cuda,3,0,955.911600,1,21749,12941,281453809
37,input37.ppm,sobel,cpu,,1,7080.126600,1,21749,12941,281453809
37,input37.ppm,sobel,mt,,20,721.843600,1,21749,12941,281453809
37,input37.ppm,sobel,npp,,1,1109.449300,0,21749,12941,281453809
37,input37.ppm,sharpen,cuda,,1,952.282200,1,21749,12941,281453809
37,input37.ppm,sharpen,cpu,,1,13817.029900,1,21749,12941,281453809
37,input37.ppm,sharpen,mt,,20,1438.606500,1,21749,12941,281453809
37,input37.ppm,sharpen,npp,,1,914.949400,0,21749,12941,281453809
37,input37.ppm,gaussian,cuda,,1,1011.394700,1,21749,12941,281453809
37,input37.ppm,gaussian,cpu,,1,12147.836700,1,21749,12941,281453809
37,input37.ppm,gaussian,mt,,20,1244.214300,1,21749,12941,281453809
37,input37.ppm,gaussian,npp,,1,947.626000,0,21749,12941,281453809
38,input38.ppm,sobel,cuda,0,0,978.565600,1,15704,18059,283598536
38,input38.ppm,sobel,cuda,1,0,982.516400,1,15704,18059,283598536
38,input38.ppm,sobel,cuda,2,0,1007.168700,1,15704,18059,283598536
38,input38.ppm,sobel,cuda,3,0,1002.368100,1,15704,18059,283598536
38,input38.ppm,sobel,cpu,,1,7167.150200,1,15704,18059,283598536
38,input38.ppm,sobel,mt,,20,704.484100,1,15704,18059,283598536
38,input38.ppm,sobel,npp,,1,1106.907700,0,15704,18059,283598536
38,input38.ppm,sharpen,cuda,,1,963.493100,1,15704,18059,283598536
38,input38.ppm,sharpen,cpu,,1,13779.847100,1,15704,18059,283598536
38,input38.ppm,sharpen,mt,,20,1411.382000,1,15704,18059,283598536
38,input38.ppm,sharpen,npp,,1,954.164300,0,15704,18059,283598536
38,input38.ppm,gaussian,cuda,,1,1069.449500,1,15704,18059,283598536
38,input38.ppm,gaussian,cpu,,1,12309.268900,1,15704,18059,283598536
38,input38.ppm,gaussian,mt,,20,1287.953100,1,15704,18059,283598536
38,input38.ppm,gaussian,npp,,1,923.045100,0,15704,18059,283598536
39,input39.ppm,sobel,cuda,0,0,983.382100,1,16879,16930,285761470
39,input39.ppm,sobel,cuda,1,0,975.238500,1,16879,16930,285761470
39,input39.ppm,sobel,cuda,2,0,973.737000,1,16879,16930,285761470
39,input39.ppm,sobel,cuda,3,0,994.217400,1,16879,16930,285761470
39,input39.ppm,sobel,cpu,,1,7203.612100,1,16879,16930,285761470
39,input39.ppm,sobel,mt,,20,720.664300,1,16879,16930,285761470
39,input39.ppm,sobel,npp,,1,1097.254400,0,16879,16930,285761470
39,input39.ppm,sharpen,cuda,,1,993.199300,1,16879,16930,285761470
39,input39.ppm,sharpen,cpu,,1,13708.507000,1,16879,16930,285761470
39,input39.ppm,sharpen,mt,,20,1425.200700,1,16879,16930,285761470
39,input39.ppm,sharpen,npp,,1,967.626700,0,16879,16930,285761470
39,input39.ppm,gaussian,cuda,,1,1025.007800,1,16879,16930,285761470
39,input39.ppm,gaussian,cpu,,1,12335.024300,1,16879,16930,285761470
39,input39.ppm,gaussian,mt,,20,1261.469800,1,16879,16930,285761470
39,input39.ppm,gaussian,npp,,1,1000.646200,0,16879,16930,285761470
40,input40.ppm,sobel,cuda,0,0,1028.169600,1,15302,18814,287891828
40,input40.ppm,sobel,cuda,1,0,964.711000,1,15302,18814,287891828
40,input40.ppm,sobel,cuda,2,0,1017.191000,1,15302,18814,287891828
40,input40.ppm,sobel,cuda,3,0,1025.650700,1,15302,18814,287891828
40,input40.ppm,sobel,cpu,,1,7263.111800,1,15302,18814,287891828
40,input40.ppm,sobel,mt,,20,731.566200,1,15302,18814,287891828
40,input40.ppm,sobel,npp,,1,1137.843300,0,15302,18814,287891828
40,input40.ppm,sharpen,cuda,,1,987.325000,1,15302,18814,287891828
40,input40.ppm,sharpen,cpu,,1,14172.067700,1,15302,18814,287891828
40,input40.ppm,sharpen,mt,,20,1446.967700,1,15302,18814,287891828
40,input40.ppm,sharpen,npp,,1,981.873600,0,15302,18814,287891828
40,input40.ppm,gaussian,cuda,,1,1035.895600,1,15302,18814,287891828
40,input40.ppm,gaussian,cpu,,1,12363.027600,1,15302,18814,287891828
40,input40.ppm,gaussian,mt,,20,1277.435400,1,15302,18814,287891828
40,input40.ppm,gaussian,npp,,1,952.665500,0,15302,18814,287891828
41,input41.ppm,sobel,cuda,0,0,1058.358700,1,15398,18837,290052126
41,input41.ppm,sobel,cuda,1,0,1008.865200,1,15398,18837,290052126
41,input41.ppm,sobel,cuda,2,0,1009.914300,1,15398,18837,290052126
41,input41.ppm,sobel,cuda,3,0,1098.283600,1,15398,18837,290052126
41,input41.ppm,sobel,cpu,,1,7313.976400,1,15398,18837,290052126
41,input41.ppm,sobel,mt,,20,737.112000,1,15398,18837,290052126
41,input41.ppm,sobel,npp,,1,1148.586700,0,15398,18837,290052126
41,input41.ppm,sharpen,cuda,,1,987.674900,1,15398,18837,290052126
41,input41.ppm,sharpen,cpu,,1,14346.248000,1,15398,18837,290052126
41,input41.ppm,sharpen,mt,,20,1481.325400,1,15398,18837,290052126
41,input41.ppm,sharpen,npp,,1,980.207500,0,15398,18837,290052126
41,input41.ppm,gaussian,cuda,,1,1026.925700,1,15398,18837,290052126
41,input41.ppm,gaussian,cpu,,1,12926.260900,1,15398,18837,290052126
41,input41.ppm,gaussian,mt,,20,1326.197000,1,15398,18837,290052126
41,input41.ppm,gaussian,npp,,1,991.709300,0,15398,18837,290052126
42,input42.ppm,sobel,cuda,0,0,1058.325000,1,14588,20030,292197640
42,input42.ppm,sobel,cuda,1,0,1008.313000,1,14588,20030,292197640
42,input42.ppm,sobel,cuda,2,0,1022.093800,1,14588,20030,292197640
42,input42.ppm,sobel,cuda,3,0,1079.414800,1,14588,20030,292197640
42,input42.ppm,sobel,cpu,,1,7469.119200,1,14588,20030,292197640
42,input42.ppm,sobel,mt,,20,731.587200,1,14588,20030,292197640
42,input42.ppm,sobel,npp,,1,1139.159400,0,14588,20030,292197640
42,input42.ppm,sharpen,cuda,,1,996.465200,1,14588,20030,292197640
42,input42.ppm,sharpen,cpu,,1,14402.989600,1,14588,20030,292197640
42,input42.ppm,sharpen,mt,,20,2116.764700,1,14588,20030,292197640
42,input42.ppm,sharpen,npp,,1,976.328600,0,14588,20030,292197640
42,input42.ppm,gaussian,cuda,,1,1027.046900,1,14588,20030,292197640
42,input42.ppm,gaussian,cpu,,1,13252.772900,1,14588,20030,292197640
42,input42.ppm,gaussian,mt,,20,1296.571900,1,14588,20030,292197640
42,input42.ppm,gaussian,npp,,1,1025.425400,0,14588,20030,292197640
43,input43.ppm,sobel,cuda,0,0,1027.095700,1,21684,13574,294338616
43,input43.ppm,sobel,cuda,1,0,1082.449200,1,21684,13574,294338616
43,input43.ppm,sobel,cuda,2,0,1012.502800,1,21684,13574,294338616
43,input43.ppm,sobel,cuda,3,0,1033.036500,1,21684,13574,294338616
43,input43.ppm,sobel,cpu,,1,7467.520900,1,21684,13574,294338616
43,input43.ppm,sobel,mt,,20,737.074000,1,21684,13574,294338616
43,input43.ppm,sobel,npp,,1,1142.301100,0,21684,13574,294338616
43,input43.ppm,sharpen,cuda,,1,1016.292100,1,21684,13574,294338616
43,input43.ppm,sharpen,cpu,,1,14494.662800,1,21684,13574,294338616
43,input43.ppm,sharpen,mt,,20,1475.856900,1,21684,13574,294338616
43,input43.ppm,sharpen,npp,,1,1031.416300,0,21684,13574,294338616
43,input43.ppm,gaussian,cuda,,1,1056.240300,1,21684,13574,294338616
43,input43.ppm,gaussian,cpu,,1,12605.386100,1,21684,13574,294338616
43,input43.ppm,gaussian,mt,,20,1360.892400,1,21684,13574,294338616
43,input43.ppm,gaussian,npp,,1,981.297900,0,21684,13574,294338616
44,input44.ppm,sobel,cuda,0,0,1011.010000,1,20525,14446,296504150
44,input44.ppm,sobel,cuda,1,0,998.728100,1,20525,14446,296504150
44,input44.ppm,sobel,cuda,2,0,1030.671900,1,20525,14446,296504150
44,input44.ppm,sobel,cuda,3,0,1068.386100,1,20525,14446,296504150
44,input44.ppm,sobel,cpu,,1,7561.336300,1,20525,14446,296504150
44,input44.ppm,sobel,mt,,20,771.891000,1,20525,14446,296504150
44,input44.ppm,sobel,npp,,1,1144.974500,0,20525,14446,296504150
44,input44.ppm,sharpen,cuda,,1,997.346500,1,20525,14446,296504150
44,input44.ppm,sharpen,cpu,,1,14454.466100,1,20525,14446,296504150
44,input44.ppm,sharpen,mt,,20,1529.499900,1,20525,14446,296504150
44,input44.ppm,sharpen,npp,,1,983.017300,0,20525,14446,296504150
44,input44.ppm,gaussian,cuda,,1,1077.144000,1,20525,14446,296504150
44,input44.ppm,gaussian,cpu,,1,13051.305400,1,20525,14446,296504150
44,input44.ppm,gaussian,mt,,20,1368.629400,1,20525,14446,296504150
44,input44.ppm,gaussian,npp,,1,1005.663000,0,20525,14446,296504150
45,input45.ppm,sobel,cuda,0,0,1050.043300,1,22647,13187,298645989
45,input45.ppm,sobel,cuda,1,0,1047.514200,1,22647,13187,298645989
45,input45.ppm,sobel,cuda,2,0,1039.349100,1,22647,13187,298645989
45,input45.ppm,sobel,cuda,3,0,1019.200400,1,22647,13187,298645989
45,input45.ppm,sobel,cpu,,1,7593.043700,1,22647,13187,298645989
45,input45.ppm,sobel,mt,,20,760.527600,1,22647,13187,298645989
45,input45.ppm,sobel,npp,,1,1160.160200,0,22647,13187,298645989
45,input45.ppm,sharpen,cuda,,1,1011.973900,1,22647,13187,298645989
45,input45.ppm,sharpen,cpu,,1,14625.169900,1,22647,13187,298645989
45,input45.ppm,sharpen,mt,,20,1488.015200,1,22647,13187,298645989
45,input45.ppm,sharpen,npp,,1,1025.877800,0,22647,13187,298645989
45,input45.ppm,gaussian,cuda,,1,1078.347800,1,22647,13187,298645989
45,input45.ppm,gaussian,cpu,,1,13072.029300,1,22647,13187,298645989
45,input45.ppm,gaussian,mt,,20,1334.921600,1,22647,13187,298645989
45,input45.ppm,gaussian,npp,,1,977.620300,0,22647,13187,298645989
46,input46.ppm,sobel,cuda,0,0,104.078800,1,4394,6846,30081324
46,input46.ppm,sobel,cuda,1,0,104.453000,1,4394,6846,30081324
46,input46.ppm,sobel,cuda,2,0,103.124900,1,4394,6846,30081324
46,input46.ppm,sobel,cuda,3,0,109.498800,1,4394,6846,30081324
46,input46.ppm,sobel,cpu,,1,764.453200,1,4394,6846,30081324
46,input46.ppm,sobel,mt,,20,77.411500,1,4394,6846,30081324
46,input46.ppm,sobel,npp,,1,116.997100,0,4394,6846,30081324
46,input46.ppm,sharpen,cuda,,1,103.402700,1,4394,6846,30081324
46,input46.ppm,sharpen,cpu,,1,1485.498000,1,4394,6846,30081324
46,input46.ppm,sharpen,mt,,20,173.314000,1,4394,6846,30081324
46,input46.ppm,sharpen,npp,,1,104.368600,0,4394,6846,30081324
46,input46.ppm,gaussian,cuda,,1,114.025800,1,4394,6846,30081324
46,input46.ppm,gaussian,cpu,,1,1311.053100,1,4394,6846,30081324
46,input46.ppm,gaussian,mt,,20,156.530400,1,4394,6846,30081324
46,input46.ppm,gaussian,npp,,1,100.270800,0,4394,6846,30081324
47,input47.ppm,sobel,cuda,0,0,1037.437000,1,23678,12704,300805312
47,input47.ppm,sobel,cuda,1,0,1049.636500,1,23678,12704,300805312
47,input47.ppm,sobel,cuda,2,0,1148.209800,1,23678,12704,300805312
47,input47.ppm,sobel,cuda,3,0,1072.254800,1,23678,12704,300805312
47,input47.ppm,sobel,cpu,,1,7797.777700,1,23678,12704,300805312
47,input47.ppm,sobel,mt,,20,785.458100,1,23678,12704,300805312
47,input47.ppm,sobel,npp,,1,1186.442400,0,23678,12704,300805312
47,input47.ppm,sharpen,cuda,,1,1085.355300,1,23678,12704,300805312
47,input47.ppm,sharpen,cpu,,1,14791.527100,1,23678,12704,300805312
47,input47.ppm,sharpen,mt,,20,1529.926400,1,23678,12704,300805312
47,input47.ppm,sharpen,npp,,1,1043.477400,0,23678,12704,300805312
47,input47.ppm,gaussian,cuda,,1,1117.298900,1,23678,12704,300805312
47,input47.ppm,gaussian,cpu,,1,13330.437000,1,23678,12704,300805312
47,input47.ppm,gaussian,mt,,20,1518.254500,1,23678,12704,300805312
47,input47.ppm,gaussian,npp,,1,1030.863400,0,23678,12704,300805312
48,input48.ppm,sobel,cuda,0,0,1071.887100,1,21957,13797,302940729
48,input48.ppm,sobel,cuda,1,0,1044.765500,1,21957,13797,302940729
48,input48.ppm,sobel,cuda,2,0,1059.099700,1,21957,13797,302940729
48,input48.ppm,sobel,cuda,3,0,1031.950000,1,21957,13797,302940729
48,input48.ppm,sobel,cpu,,1,7701.818300,1,21957,13797,302940729
48,input48.ppm,sobel,mt,,20,752.353400,1,21957,13797,302940729
48,input48.ppm,sobel,npp,,1,1196.860500,0,21957,13797,302940729
48,input48.ppm,sharpen,cuda,,1,1064.275300,1,21957,13797,302940729
48,input48.ppm,sharpen,cpu,,1,14727.793600,1,21957,13797,302940729
48,input48.ppm,sharpen,mt,,20,1528.071900,1,21957,13797,302940729
48,input48.ppm,sharpen,npp,,1,1006.543800,0,21957,13797,302940729
48,input48.ppm,gaussian,cuda,,1,1095.236600,1,21957,13797,302940729
48,input48.ppm,gaussian,cpu,,1,13020.867100,1,21957,13797,302940729
48,input48.ppm,gaussian,mt,,20,1355.494300,1,21957,13797,302940729
48,input48.ppm,gaussian,npp,,1,995.940500,0,21957,13797,302940729
49,input49.ppm,sobel,cuda,0,0,1031.914000,1,18441,16544,305087904
49,input49.ppm,sobel,cuda,1,0,1048.142700,1,18441,16544,305087904
49,input49.ppm,sobel,cuda,2,0,1072.248100,1,18441,16544,305087904
49,input49.ppm,sobel,cuda,3,0,1067.693200,1,18441,16544,305087904
49,input49.ppm,sobel,cpu,,1,7842.049400,1,18441,16544,305087904
49,input49.ppm,sobel,mt,,20,804.193900,1,18441,16544,305087904
49,input49.ppm,sobel,npp,,1,1203.437400,0,18441,16544,305087904
49,input49.ppm,sharpen,cuda,,1,1030.155400,1,18441,16544,305087904
49,input49.ppm,sharpen,cpu,,1,15131.887600,1,18441,16544,305087904
49,input49.ppm,sharpen,mt,,20,1556.204800,1,18441,16544,305087904
49,input49.ppm,sharpen,npp,,1,1020.847400,0,18441,16544,305087904
49,input49.ppm,gaussian,cuda,,1,1095.934300,1,18441,16544,305087904
49,input49.ppm,gaussian,cpu,,1,13372.194100,1,18441,16544,305087904
49,input49.ppm,gaussian,mt,,20,1354.906900,1,18441,16544,305087904
49,input49.ppm,gaussian,npp,,1,1044.982500,0,18441,16544,305087904
50,input50.ppm,sobel,cuda,0,0,1056.188300,1,22164,13862,307237368
50,input50.ppm,sobel,cuda,1,0,1092.300800,1,22164,13862,307237368
50,input50.ppm,sobel,cuda,2,0,1036.514600,1,22164,13862,307237368
50,input50.ppm,sobel,cuda,3,0,1048.674000,1,22164,13862,307237368
50,input50.ppm,sobel,cpu,,1,7804.475500,1,22164,13862,307237368
50,input50.ppm,sobel,mt,,20,813.629200,1,22164,13862,307237368
50,input50.ppm,sobel,npp,,1,1263.489900,0,22164,13862,307237368
50,input50.ppm,sharpen,cuda,,1,1071.033900,1,22164,13862,307237368
50,input50.ppm,sharpen,cpu,,1,15316.044100,1,22164,13862,307237368
50,input50.ppm,sharpen,mt,,20,1553.087400,1,22164,13862,307237368
50,input50.ppm,sharpen,npp,,1,1032.683300,0,22164,13862,307237368
50,input50.ppm,gaussian,cuda,,1,1119.618900,1,22164,13862,307237368
50,input50.ppm,gaussian,cpu,,1,13280.001700,1,22164,13862,307237368
50,input50.ppm,gaussian,mt,,20,1382.305300,1,22164,13862,307237368
50,input50.ppm,gaussian,npp,,1,1029.618700,0,22164,13862,307237368
51,input51.ppm,sobel,cuda,0,0,1110.508600,1,22413,13804,309389052
51,input51.ppm,sobel,cuda,1,0,1055.859900,1,22413,13804,309389052
51,input51.ppm,sobel,cuda,2,0,1043.825700,1,22413,13804,309389052
51,input51.ppm,sobel,cuda,3,0,1035.562500,1,22413,13804,309389052
51,input51.ppm,sobel,cpu,,1,7795.393900,1,22413,13804,309389052
51,input51.ppm,sobel,mt,,20,766.670800,1,22413,13804,309389052
51,input51.ppm,sobel,npp,,1,1208.255800,0,22413,13804,309389052
51,input51.ppm,sharpen,cuda,,1,1050.710500,1,22413,13804,309389052
51,input51.ppm,sharpen,cpu,,1,15030.718800,1,22413,13804,309389052
51,input51.ppm,sharpen,mt,,20,1564.467200,1,22413,13804,309389052
51,input51.ppm,sharpen,npp,,1,1036.334600,0,22413,13804,309389052
51,input51.ppm,gaussian,cuda,,1,1135.613800,1,22413,13804,309389052
51,input51.ppm,gaussian,cpu,,1,13344.276400,1,22413,13804,309389052
51,input51.ppm,gaussian,mt,,20,1418.188000,1,22413,13804,309389052
51,input51.ppm,gaussian,npp,,1,1044.148800,0,22413,13804,309389052
52,input52.ppm,sobel,cuda,0,0,1090.159300,1,13550,22992,311541600
52,input52.ppm,sobel,cuda,1,0,1085.863200,1,13550,22992,311541600
52,input52.ppm,sobel,cuda,2,0,1056.952000,1,13550,22992,311541600
52,input52.ppm,sobel,cuda,3,0,1062.139900,1,13550,22992,311541600
52,input52.ppm,sobel,cpu,,1,7855.356000,1,13550,22992,311541600
52,input52.ppm,sobel,mt,,20,788.434500,1,13550,22992,311541600
52,input52.ppm,sobel,npp,,1,1199.194500,0,13550,22992,311541600
52,input52.ppm,sharpen,cuda,,1,1065.005500,1,13550,22992,311541600
52,input52.ppm,sharpen,cpu,,1,15129.778700,1,13550,22992,311541600
52,input52.ppm,sharpen,mt,,20,1551.455800,1,13550,22992,311541600
52,input52.ppm,sharpen,npp,,1,1029.196600,0,13550,22992,311541600
52,input52.ppm,gaussian,cuda,,1,1120.276100,1,13550,22992,311541600
52,input52.ppm,gaussian,cpu,,1,13605.384800,1,13550,22992,311541600
52,input52.ppm,gaussian,mt,,20,1389.628400,1,13550,22992,311541600
52,input52.ppm,gaussian,npp,,1,1061.868400,0,13550,22992,311541600
53,input53.ppm,sobel,cuda,0,0,1101.080300,1,14813,21177,313694901
53,input53.ppm,sobel,cuda,1,0,1102.197800,1,14813,21177,313694901
53,input53.ppm,sobel,cuda,2,0,1105.110000,1,14813,21177,313694901
53,input53.ppm,sobel,cuda,3,0,1104.903000,1,14813,21177,313694901
53,input53.ppm,sobel,cpu,,1,8362.747700,1,14813,21177,313694901
53,input53.ppm,sobel,mt,,20,790.094400,1,14813,21177,313694901
53,input53.ppm,sobel,npp,,1,1273.542300,0,14813,21177,313694901
53,input53.ppm,sharpen,cuda,,1,1082.034600,1,14813,21177,313694901
53,input53.ppm,sharpen,cpu,,1,15244.578400,1,14813,21177,313694901
53,input53.ppm,sharpen,mt,,20,1589.695600,1,14813,21177,313694901
53,input53.ppm,sharpen,npp,,1,1070.949800,0,14813,21177,313694901
53,input53.ppm,gaussian,cuda,,1,1128.790600,1,14813,21177,313694901
53,input53.ppm,gaussian,cpu,,1,13549.681600,1,14813,21177,313694901
53,input53.ppm,gaussian,mt,,20,1389.909100,1,14813,21177,313694901
53,input53.ppm,gaussian,npp,,1,1058.936700,0,14813,21177,313694901
54,input54.ppm,sobel,cuda,0,0,1117.658500,1,20157,15669,315840033
54,input54.ppm,sobel,cuda,1,0,1106.954500,1,20157,15669,315840033
54,input54.ppm,sobel,cuda,2,0,1089.535800,1,20157,15669,315840033
54,input54.ppm,sobel,cuda,3,0,1125.852100,1,20157,15669,315840033
54,input54.ppm,sobel,cpu,,1,8347.023800,1,20157,15669,315840033
54,input54.ppm,sobel,mt,,20,809.735400,1,20157,15669,315840033
54,input54.ppm,sobel,npp,,1,1218.355000,0,20157,15669,315840033
54,input54.ppm,sharpen,cuda,,1,1100.891400,1,20157,15669,315840033
54,input54.ppm,sharpen,cpu,,1,15574.609100,1,20157,15669,315840033
54,input54.ppm,sharpen,mt,,20,1664.874000,1,20157,15669,315840033
54,input54.ppm,sharpen,npp,,1,1050.230000,0,20157,15669,315840033
54,input54.ppm,gaussian,cuda,,1,1163.656900,1,20157,15669,315840033
54,input54.ppm,gaussian,cpu,,1,13665.970000,1,20157,15669,315840033
54,input54.ppm,gaussian,mt,,20,1435.496300,1,20157,15669,315840033
54,input54.ppm,gaussian,npp,,1,1040.348800,0,20157,15669,315840033
55,input55.ppm,sobel,cuda,0,0,1108.323000,1,23006,13821,317965926
55,input55.ppm,sobel,cuda,1,0,1065.214500,1,23006,13821,317965926
55,input55.ppm,sobel,cuda,2,0,1080.596600,1,23006,13821,317965926
55,input55.ppm,sobel,cuda,3,0,1090.294800,1,23006,13821,317965926
55,input55.ppm,sobel,cpu,,1,7990.834300,1,23006,13821,317965926
55,input55.ppm,sobel,mt,,20,860.371900,1,23006,13821,317965926
55,input55.ppm,sobel,npp,,1,1246.349500,0,23006,13821,317965926
55,input55.ppm,sharpen,cuda,,1,1090.417700,1,23006,13821,317965926
55,input55.ppm,sharpen,cpu,,1,15397.750200,1,23006,13821,317965926
55,input55.ppm,sharpen,mt,,20,1617.764100,1,23006,13821,317965926
55,input55.ppm,sharpen,npp,,1,1033.696200,0,23006,13821,317965926
55,input55.ppm,gaussian,cuda,,1,1150.038400,1,23006,13821,317965926
55,input55.ppm,gaussian,cpu,,1,13608.301600,1,23006,13821,317965926
55,input55.ppm,gaussian,mt,,20,1420.138800,1,23006,13821,317965926
55,input55.ppm,gaussian,npp,,1,1050.200200,0,23006,13821,317965926
56,input56.ppm,sobel,cuda,0,0,1108.157700,1,17383,18417,320142711
56,input56.ppm,sobel,cuda,1,0,1110.892000,1,17383,18417,320142711
56,input56.ppm,sobel,cuda,2,0,1106.508900,1,17383,18417,320142711
56,input56.ppm,sobel,cuda,3,0,1187.702500,1,17383,18417,320142711
56,input56.ppm,sobel,cpu,,1,7988.503300,1,17383,18417,320142711
56,input56.ppm,sobel,mt,,20,919.726500,1,17383,18417,320142711
56,input56.ppm,sobel,npp,,1,1254.734300,0,17383,18417,320142711
56,input56.ppm,sharpen,cuda,,1,1090.590900,1,17383,18417,320142711
56,input56.ppm,sharpen,cpu,,1,15527.117500,1,17383,18417,320142711
56,input56.ppm,sharpen,mt,,20,1619.651200,1,17383,18417,320142711
56,input56.ppm,sharpen,npp,,1,1098.042700,0,17383,18417,320142711
56,input56.ppm,gaussian,cuda,,1,1172.494900,1,17383,18417,320142711
56,input56.ppm,gaussian,cpu,,1,13735.890600,1,17383,18417,320142711
56,input56.ppm,gaussian,mt,,20,1443.980300,1,17383,18417,320142711
56,input56.ppm,gaussian,npp,,1,1134.654300,0,17383,18417,320142711
57,input57.ppm,sobel,cuda,0,0,112.376400,1,5165,6240,32229600
57,input57.ppm,sobel,cuda,1,0,116.726900,1,5165,6240,32229600
57,input57.ppm,sobel,cuda,2,0,109.036100,1,5165,6240,32229600
57,input57.ppm,sobel,cuda,3,0,112.258400,1,5165,6240,32229600
57,input57.ppm,sobel,cpu,,1,805.846700,1,5165,6240,32229600
57,input57.ppm,sobel,mt,,20,92.646500,1,5165,6240,32229600
57,input57.ppm,sobel,npp,,1,129.455900,0,5165,6240,32229600
57,input57.ppm,sharpen,cuda,,1,106.473400,1,5165,6240,32229600
57,input57.ppm,sharpen,cpu,,1,1585.202900,1,5165,6240,32229600
57,input57.ppm,sharpen,mt,,20,178.950800,1,5165,6240,32229600
57,input57.ppm,sharpen,npp,,1,106.454800,0,5165,6240,32229600
57,input57.ppm,gaussian,cuda,,1,114.204800,1,5165,6240,32229600
57,input57.ppm,gaussian,cpu,,1,1394.609300,1,5165,6240,32229600
57,input57.ppm,gaussian,mt,,20,152.779700,1,5165,6240,32229600
57,input57.ppm,gaussian,npp,,1,106.289000,0,5165,6240,32229600
58,input58.ppm,sobel,cuda,0,0,1136.819600,1,13473,23921,322287633
58,input58.ppm,sobel,cuda,1,0,1114.823800,1,13473,23921,322287633
58,input58.ppm,sobel,cuda,2,0,1191.364100,1,13473,23921,322287633
58,input58.ppm,sobel,cuda,3,0,1143.840400,1,13473,23921,322287633
58,input58.ppm,sobel,cpu,,1,8053.722300,1,13473,23921,322287633
58,input58.ppm,sobel,mt,,20,945.339000,1,13473,23921,322287633
58,input58.ppm,sobel,npp,,1,1330.369800,0,13473,23921,322287633
58,input58.ppm,sharpen,cuda,,1,1126.235600,1,13473,23921,322287633
58,input58.ppm,sharpen,cpu,,1,15690.858100,1,13473,23921,322287633
58,input58.ppm,sharpen,mt,,20,1624.677800,1,13473,23921,322287633
58,input58.ppm,sharpen,npp,,1,1102.316600,0,13473,23921,322287633
58,input58.ppm,gaussian,cuda,,1,1177.720800,1,13473,23921,322287633
58,input58.ppm,gaussian,cpu,,1,13871.301000,1,13473,23921,322287633
58,input58.ppm,gaussian,mt,,20,1455.555100,1,13473,23921,322287633
58,input58.ppm,gaussian,npp,,1,1074.833000,0,13473,23921,322287633
59,input59.ppm,sobel,cuda,0,0,1139.766000,1,22675,14308,324433900
59,input59.ppm,sobel,cuda,1,0,1116.162700,1,22675,14308,324433900
59,input59.ppm,sobel,cuda,2,0,1100.066600,1,22675,14308,324433900
59,input59.ppm,sobel,cuda,3,0,1102.164700,1,22675,14308,324433900
59,input59.ppm,sobel,cpu,,1,8111.671300,1,22675,14308,324433900
59,input59.ppm,sobel,mt,,20,845.029100,1,22675,14308,324433900
59,input59.ppm,sobel,npp,,1,1279.481200,0,22675,14308,324433900
59,input59.ppm,sharpen,cuda,,1,1120.940000,1,22675,14308,324433900
59,input59.ppm,sharpen,cpu,,1,15708.743100,1,22675,14308,324433900
59,input59.ppm,sharpen,mt,,20,1627.413200,1,22675,14308,324433900
59,input59.ppm,sharpen,npp,,1,1124.367200,0,22675,14308,324433900
59,input59.ppm,gaussian,cuda,,1,1153.561500,1,22675,14308,324433900
59,input59.ppm,gaussian,cpu,,1,13875.378300,1,22675,14308,324433900
59,input59.ppm,gaussian,mt,,20,1442.873800,1,22675,14308,324433900
59,input59.ppm,gaussian,npp,,1,1083.613800,0,22675,14308,324433900
60,input60.ppm,sobel,cuda,0,0,1127.884900,1,24074,13565,326563810
60,input60.ppm,sobel,cuda,1,0,1137.566900,1,24074,13565,326563810
60,input60.ppm,sobel,cuda,2,0,1139.062500,1,24074,13565,326563810
60,input60.ppm,sobel,cuda,3,0,1132.410700,1,24074,13565,326563810
60,input60.ppm,sobel,cpu,,1,8254.560000,1,24074,13565,326563810
60,input60.ppm,sobel,mt,,20,800.938400,1,24074,13565,326563810
60,input60.ppm,sobel,npp,,1,1318.581100,0,24074,13565,326563810
60,input60.ppm,sharpen,cuda,,1,1146.118300,1,24074,13565,326563810
60,input60.ppm,sharpen,cpu,,1,15935.941000,1,24074,13565,326563810
60,input60.ppm,sharpen,mt,,20,1632.579400,1,24074,13565,326563810
60,input60.ppm,sharpen,npp,,1,1077.293200,0,24074,13565,326563810
60,input60.ppm,gaussian,cuda,,1,1169.750200,1,24074,13565,326563810
60,input60.ppm,gaussian,cpu,,1,14131.336300,1,24074,13565,326563810
60,input60.ppm,gaussian,mt,,20,1453.414200,1,24074,13565,326563810
60,input60.ppm,gaussian,npp,,1,1082.667000,0,24074,13565,326563810
61,input61.ppm,sobel,cuda,0,0,1116.641600,1,18594,17679,328723326
61,input61.ppm,sobel,cuda,1,0,1110.211000,1,18594,17679,328723326
61,input61.ppm,sobel,cuda,2,0,1129.648600,1,18594,17679,328723326
61,input61.ppm,sobel,cuda,3,0,1117.700600,1,18594,17679,328723326
61,input61.ppm,sobel,cpu,,1,8264.722100,1,18594,17679,328723326
61,input61.ppm,sobel,mt,,20,810.628800,1,18594,17679,328723326
61,input61.ppm,sobel,npp,,1,1298.239100,0,18594,17679,328723326
61,input61.ppm,sharpen,cuda,,1,1120.587800,1,18594,17679,328723326
61,input61.ppm,sharpen,cpu,,1,15931.828500,1,18594,17679,328723326
61,input61.ppm,sharpen,mt,,20,1713.632600,1,18594,17679,328723326
61,input61.ppm,sharpen,npp,,1,1118.762000,0,18594,17679,328723326
61,input61.ppm,gaussian,cuda,,1,1199.248900,1,18594,17679,328723326
61,input61.ppm,gaussian,cpu,,1,14232.877900,1,18594,17679,328723326
61,input61.ppm,gaussian,mt,,20,1451.964700,1,18594,17679,328723326
61,input61.ppm,gaussian,npp,,1,1098.436200,0,18594,17679,328723326
62,input62.ppm,sobel,cuda,0,0,1132.513200,1,15072,21952,330860544
62,input62.ppm,sobel,cuda,1,0,1110.189100,1,15072,21952,330860544
62,input62.ppm,sobel,cuda,2,0,1106.349200,1,15072,21952,330860544
62,input62.ppm,sobel,cuda,3,0,1153.855600,1,15072,21952,330860544
62,input62.ppm,sobel,cpu,,1,8295.028100,1,15072,21952,330860544
62,input62.ppm,sobel,mt,,20,950.307100,1,15072,21952,330860544
62,input62.ppm,sobel,npp,,1,1280.895600,0,15072,21952,330860544
62,input62.ppm,sharpen,cuda,,1,1144.264700,1,15072,21952,330860544
62,input62.ppm,sharpen,cpu,,1,16054.477600,1,15072,21952,330860544
62,input62.ppm,sharpen,mt,,20,1656.003400,1,15072,21952,330860544
62,input62.ppm,sharpen,npp,,1,1124.292100,0,15072,21952,330860544
62,input62.ppm,gaussian,cuda,,1,1170.117700,1,15072,21952,330860544
62,input62.ppm,gaussian,cpu,,1,14295.386800,1,15072,21952,330860544
62,input62.ppm,gaussian,mt,,20,1482.387300,1,15072,21952,330860544
62,input62.ppm,gaussian,npp,,1,1105.367400,0,15072,21952,330860544
63,input63.ppm,sobel,cuda,0,0,1149.130500,1,19000,17527,333013000
63,input63.ppm,sobel,cuda,1,0,1156.620200,1,19000,17527,333013000
63,input63.ppm,sobel,cuda,2,0,1160.891000,1,19000,17527,333013000
63,input63.ppm,sobel,cuda,3,0,1132.534600,1,19000,17527,333013000
63,input63.ppm,sobel,cpu,,1,8402.550100,1,19000,17527,333013000
63,input63.ppm,sobel,mt,,20,862.477600,1,19000,17527,333013000
63,input63.ppm,sobel,npp,,1,1299.546600,0,19000,17527,333013000
63,input63.ppm,sharpen,cuda,,1,1160.067500,1,19000,17527,333013000
63,input63.ppm,sharpen,cpu,,1,16122.301200,1,19000,17527,333013000
63,input63.ppm,sharpen,mt,,20,1676.475100,1,19000,17527,333013000
63,input63.ppm,sharpen,npp,,1,1097.036100,0,19000,17527,333013000
63,input63.ppm,gaussian,cuda,,1,1211.981400,1,19000,17527,333013000
63,input63.ppm,gaussian,cpu,,1,14422.867800,1,19000,17527,333013000
63,input63.ppm,gaussian,mt,,20,1468.853100,1,19000,17527,333013000
63,input63.ppm,gaussian,npp,,1,1135.480200,0,19000,17527,333013000
64,input64.ppm,sobel,cuda,0,0,1250.625000,1,25658,13063,335170454
64,input64.ppm,sobel,cuda,1,0,1137.427300,1,25658,13063,335170454
64,input64.ppm,sobel,cuda,2,0,1145.487000,1,25658,13063,335170454
64,input64.ppm,sobel,cuda,3,0,1167.320000,1,25658,13063,335170454
64,input64.ppm,sobel,cpu,,1,8421.604900,1,25658,13063,335170454
64,input64.ppm,sobel,mt,,20,853.182700,1,25658,13063,335170454
64,input64.ppm,sobel,npp,,1,1323.454000,0,25658,13063,335170454
64,input64.ppm,sharpen,cuda,,1,1153.410500,1,25658,13063,335170454
64,input64.ppm,sharpen,cpu,,1,16146.335400,1,25658,13063,335170454
64,input64.ppm,sharpen,mt,,20,1692.948500,1,25658,13063,335170454
64,input64.ppm,sharpen,npp,,1,1138.825400,0,25658,13063,335170454
64,input64.ppm,gaussian,cuda,,1,1189.888400,1,25658,13063,335170454
64,input64.ppm,gaussian,cpu,,1,14477.083900,1,25658,13063,335170454
64,input64.ppm,gaussian,mt,,20,1624.582100,1,25658,13063,335170454
64,input64.ppm,gaussian,npp,,1,1101.930000,0,25658,13063,335170454
65,input65.ppm,sobel,cuda,0,0,1185.090900,1,19199,17570,337326430
65,input65.ppm,sobel,cuda,1,0,1131.288500,1,19199,17570,337326430
65,input65.ppm,sobel,cuda,2,0,1178.888000,1,19199,17570,337326430
65,input65.ppm,sobel,cuda,3,0,1174.411400,1,19199,17570,337326430
65,input65.ppm,sobel,cpu,,1,8467.483100,1,19199,17570,337326430
65,input65.ppm,sobel,mt,,20,863.166000,1,19199,17570,337326430
65,input65.ppm,sobel,npp,,1,1328.887700,0,19199,17570,337326430
65,input65.ppm,sharpen,cuda,,1,1147.329800,1,19199,17570,337326430
65,input65.ppm,sharpen,cpu,,1,16324.013500,1,19199,17570,337326430
65,input65.ppm,sharpen,mt,,20,1772.394200,1,19199,17570,337326430
65,input65.ppm,sharpen,npp,,1,1149.445100,0,19199,17570,337326430
65,input65.ppm,gaussian,cuda,,1,1263.095900,1,19199,17570,337326430
65,input65.ppm,gaussian,cpu,,1,14397.861800,1,19199,17570,337326430
65,input65.ppm,gaussian,mt,,20,1503.942200,1,19199,17570,337326430
65,input65.ppm,gaussian,npp,,1,1136.443700,0,19199,17570,337326430
66,input66.ppm,sobel,cuda,0,0,1212.211400,1,15733,21577,339470941
66,input66.ppm,sobel,cuda,1,0,1145.355300,1,15733,21577,339470941
66,input66.ppm,sobel,cuda,2,0,1224.463600,1,15733,21577,339470941
66,input66.ppm,sobel,cuda,3,0,1143.457400,1,15733,21577,339470941
66,input66.ppm,sobel,cpu,,1,8500.081200,1,15733,21577,339470941
66,input66.ppm,sobel,mt,,20,898.877400,1,15733,21577,339470941
66,input66.ppm,sobel,npp,,1,1314.357400,0,15733,21577,339470941
66,input66.ppm,sharpen,cuda,,1,1129.941800,1,15733,21577,339470941
66,input66.ppm,sharpen,cpu,,1,16362.708900,1,15733,21577,339470941
66,input66.ppm,sharpen,mt,,20,1714.768400,1,15733,21577,339470941
66,input66.ppm,sharpen,npp,,1,1179.972600,0,15733,21577,339470941
66,input66.ppm,gaussian,cuda,,1,1244.599300,1,15733,21577,339470941
66,input66.ppm,gaussian,cpu,,1,14494.951600,1,15733,21577,339470941
66,input66.ppm,gaussian,mt,,20,1584.402600,1,15733,21577,339470941
66,input66.ppm,gaussian,npp,,1,1136.604500,0,15733,21577,339470941
67,input67.ppm,sobel,cuda,0,0,1207.940300,1,13456,25387,341607472
67,input67.ppm,sobel,cuda,1,0,1187.186000,1,13456,25387,341607472
67,input67.ppm,sobel,cuda,2,0,1189.083100,1,13456,25387,341607472
67,input67.ppm,sobel,cuda,3,0,1184.005100,1,13456,25387,341607472
67,input67.ppm,sobel,cpu,,1,8549.216100,1,13456,25387,341607472
67,input67.ppm,sobel,mt,,20,900.377000,1,13456,25387,341607472
67,input67.ppm,sobel,npp,,1,1306.618500,0,13456,25387,341607472
67,input67.ppm,sharpen,cuda,,1,1141.469200,1,13456,25387,341607472
67,input67.ppm,sharpen,cpu,,1,16433.403700,1,13456,25387,341607472
67,input67.ppm,sharpen,mt,,20,1706.412000,1,13456,25387,341607472
67,input67.ppm,sharpen,npp,,1,1162.797600,0,13456,25387,341607472
67,input67.ppm,gaussian,cuda,,1,1245.127500,1,13456,25387,341607472
67,input67.ppm,gaussian,cpu,,1,14535.376100,1,13456,25387,341607472
67,input67.ppm,gaussian,mt,,20,1520.281100,1,13456,25387,341607472
67,input67.ppm,gaussian,npp,,1,1171.382300,0,13456,25387,341607472
68,input68.ppm,sobel,cuda,0,0,122.082500,1,7336,4686,34376496
68,input68.ppm,sobel,cuda,1,0,119.218400,1,7336,4686,34376496
68,input68.ppm,sobel,cuda,2,0,116.548400,1,7336,4686,34376496
68,input68.ppm,sobel,cuda,3,0,120.343200,1,7336,4686,34376496
68,input68.ppm,sobel,cpu,,1,876.072800,1,7336,4686,34376496
68,input68.ppm,sobel,mt,,20,92.830700,1,7336,4686,34376496
68,input68.ppm,sobel,npp,,1,135.579800,0,7336,4686,34376496
68,input68.ppm,sharpen,cuda,,1,118.535800,1,7336,4686,34376496
68,input68.ppm,sharpen,cpu,,1,1647.481700,1,7336,4686,34376496
68,input68.ppm,sharpen,mt,,20,183.956000,1,7336,4686,34376496
68,input68.ppm,sharpen,npp,,1,114.371200,0,7336,4686,34376496
68,input68.ppm,gaussian,cuda,,1,124.830900,1,7336,4686,34376496
68,input68.ppm,gaussian,cpu,,1,1480.132300,1,7336,4686,34376496
68,input68.ppm,gaussian,mt,,20,174.391400,1,7336,4686,34376496
68,input68.ppm,gaussian,npp,,1,116.709700,0,7336,4686,34376496
69,input69.ppm,sobel,cuda,0,0,1179.509100,1,15104,22759,343751936
69,input69.ppm,sobel,cuda,1,0,1249.615800,1,15104,22759,343751936
69,input69.ppm,sobel,cuda,2,0,1258.267700,1,15104,22759,343751936
69,input69.ppm,sobel,cuda,3,0,1210.774200,1,15104,22759,343751936
69,input69.ppm,sobel,cpu,,1,8552.677700,1,15104,22759,343751936
69,input69.ppm,sobel,mt,,20,894.906100,1,15104,22759,343751936
69,input69.ppm,sobel,npp,,1,1342.921200,0,15104,22759,343751936
69,input69.ppm,sharpen,cuda,,1,1133.744200,1,15104,22759,343751936
69,input69.ppm,sharpen,cpu,,1,16482.308400,1,15104,22759,343751936
69,input69.ppm,sharpen,mt,,20,1734.595800,1,15104,22759,343751936
69,input69.ppm,sharpen,npp,,1,1150.305300,0,15104,22759,343751936
69,input69.ppm,gaussian,cuda,,1,1258.542000,1,15104,22759,343751936
69,input69.ppm,gaussian,cpu,,1,14664.725600,1,15104,22759,343751936
69,input69.ppm,gaussian,mt,,20,1514.257100,1,15104,22759,343751936
69,input69.ppm,gaussian,npp,,1,1195.384800,0,15104,22759,343751936
70,input70.ppm,sobel,cuda,0,0,1206.146000,1,26265,13170,345910050
70,input70.ppm,sobel,cuda,1,0,1252.910800,1,26265,13170,345910050
70,input70.ppm,sobel,cuda,2,0,1189.923000,1,26265,13170,345910050
70,input70.ppm,sobel,cuda,3,0,1175.817800,1,26265,13170,345910050
70,input70.ppm,sobel,cpu,,1,8684.448300,1,26265,13170,345910050
70,input70.ppm,sobel,mt,,20,1078.201100,1,26265,13170,345910050
70,input70.ppm,sobel,npp,,1,1347.872400,0,26265,13170,345910050
70,input70.ppm,sharpen,cuda,,1,1252.981200,1,26265,13170,345910050
70,input70.ppm,sharpen,cpu,,1,16654.282900,1,26265,13170,345910050
70,input70.ppm,sharpen,mt,,20,1724.573100,1,26265,13170,345910050
70,input70.ppm,sharpen,npp,,1,1169.746300,0,26265,13170,345910050
70,input70.ppm,gaussian,cuda,,1,1285.339000,1,26265,13170,345910050
70,input70.ppm,gaussian,cpu,,1,14832.736600,1,26265,13170,345910050
70,input70.ppm,gaussian,mt,,20,1523.782600,1,26265,13170,345910050
70,input70.ppm,gaussian,npp,,1,1162.340900,0,26265,13170,345910050
71,input71.ppm,sobel,cuda,0,0,1233.294300,1,15875,21925,348059375
71,input71.ppm,sobel,cuda,1,0,1179.804200,1,15875,21925,348059375
71,input71.ppm,sobel,cuda,2,0,1250.522100,1,15875,21925,348059375
71,input71.ppm,sobel,cuda,3,0,1208.493700,1,15875,21925,348059375
71,input71.ppm,sobel,cpu,,1,8709.095400,1,15875,21925,348059375
71,input71.ppm,sobel,mt,,20,1073.858600,1,15875,21925,348059375
71,input71.ppm,sobel,npp,,1,1372.641800,0,15875,21925,348059375
71,input71.ppm,sharpen,cuda,,1,1189.246700,1,15875,21925,348059375
71,input71.ppm,sharpen,cpu,,1,16713.924300,1,15875,21925,348059375
71,input71.ppm,sharpen,mt,,20,1734.979000,1,15875,21925,348059375
71,input71.ppm,sharpen,npp,,1,1184.104900,0,15875,21925,348059375
71,input71.ppm,gaussian,cuda,,1,1248.259100,1,15875,21925,348059375
